category,order,title,authors,year,journal,description,file,bib,bib-type,web-link
books,x,"Strategy, Structure & Economic Performance",Richard P. Rumelt,1974, Harvard University Press,Analysis of twenty years of data on the strategies and structures of large US firms,books_excerpts/Strategy_Structure_Economic_Performance.pdf,"Rumelt, Richard P. Strategy, Structure & Economic Performance. Harvard University Press, 1974.",Books,
books,x,The Crux: How Leaders Become Strategists ï¿½ Chapter 1,Richard P. Rumelt,2022,PublicAffairs,,,"Rumelt, Richard P. The Crux: How Leaders Become Strategists ï¿½ Chapter 1. PublicAffairs, 2022.",Books,
books,x,Good Strategy/Bad Strategy: The Difference and Why it Matters,Richard P. Rumelt,2011,Crown Business,,,"Rumelt, Richard P. Good Strategy, Bad Strategy: The Difference and Why It Matters. New York: Crown Business, 2011.",Books,
books,x,Fundamental Issues in Strategy: A Research Agenda,Richard P. Rumelt & Da E. Schendel & David J. Teece,1994,Harvard Business School Press,,,"Rumelt, Richard P., Dan E. Schendel, and David J. Teece, eds. Fundamental Issues in Strategy: A Research Agenda. Boston: Harvard Business School Press, 1994.",Books,
papers,1,Uncertain Imitability: An Analysis of Interfirm Differences in Efficiency Under Competition,Steven A. Lippman & Richard P. Rumelt,1981,Bell Journal of Economics,Math model of how causal ambiguity leads to firms with differing costs.,papers/Uncertain_Imitability.pdf,"Lippman, Steven A., and Richard P. Rumelt. ""Uncertain Imitability: An Analysis of Interfirm Differences in Efficiency Under Competition."" Bell Journal of Economics, 1981.",Scholarly Works,
papers,2,How Much Does Industry Matter?,Richard P. Rumelt,1991,Strategic Management Journal,Empirical demonstration that profit rates across business units within industries outweighs industry differences,papers/HowMuchDoesIndustryMatter_SMJ91.pdf,"Rumelt, Richard P. ""How Much Does Industry Matter?."" Strategic Management Journal, 1991.",Scholarly Works,
papers,3,The Payments Perspective,Steven A. Lippman & Richard P. Rumelt,2003,Strategic Management Journal,Moving beyond neoclassial ideas of rent and opportunity cost.,papers/Payments_perspective.pdf,"Lippman, Steven A., and Richard P. Rumelt. ""The Payments Perspective."" Strategic Management Journal, 2003.",Scholarly Works,
papers,4,Explaining The Payments Perspective,Richard P. Rumelt,2026,Unpublished note,Why and how we wrote The Payments Perspective,papers/Explaining The Payments Perspective Paper.pdf,"Rumelt, Richard P. ""Explaining The Payments Perspective."" Unpublished note, 2026.",Scholarly Works,
papers,5,A Bargaining Perspective on Resource Advantage,Steven A. Lippman & Richard P. Rumelt,2003,Strategic Management Journal,Pushing beyond neoclassical views on cost and price to a bargaining concept of resource payments,papers/Bargaining_Perspective.pdf,"Lippman, Steven A., and Richard P. Rumelt. ""A Bargaining Perspective on Resource Advantage."" Strategic Management Journal, 2003.",Scholarly Works,
papers,6,Explaining The Bargaining Perspective,Richard P. Rumelt,2026,Unpublished note,Why and how we wrote The Bargainiing Perespective,papers/Explaining The Bargaining Perspective.pdf,"Rumelt, Richard P. ""Explaining The Bargaining Perspective."" Unpublished note, 2026.",Scholarly Works,
papers,7,The Hand of Corporate Management in Capital Allocations,David Bardolet & Dan Lovallo & Richard P. Rumelt,2010,Industrial and Corporate Change,The impact of corporate management on capital allocation decisions,papers/HandofCorporateManagement2010.pdf,"Bardolet, David, and Dan Lovallo. ""The Hand of Corporate Management in Capital Allocations."" Industrial and Corporate Change, 2010.",Scholarly Works,
papers,8,Doing Strategy,Richard P. Rumelt,2018,"Paper Presented at the ""Rumelt Fest"" at the University of Washington, St. Louis, May 2018","Defining the subject matter of strategy in economic terms was is, itself, a bad strategy.",papers/Doing Strategy.pdf,"Rumelt, Richard P. ""Doing Strategy."" Paper Presented at the ""Rumelt Fest"" at the University of Washington, St. Louis, May 2018, 2018.",Scholarly Works,
papers,9,Choosing the Challenge,Richard P. Rumelt,2018,"Paper Presented at the ""Rumelt Fest"" at the University of Washington, St. Louis, May 2019",Moving away from defining strategy in terms of product-market competition,papets/choosing-the-challenge.pdf,"Rumelt, Richard P. ""Choosing the Challenge."" Paper Presented at the ""Rumelt Fest"" at the University of Washington, St. Louis, May 2019, 2018.",Scholarly Works,
papers,10,Asymptotic Shapley Value,Thomas M. Liggett &  Steven A. Lippman & Richard P. Rumelt,2009,Economic Theory,What happens in a bargaining game when the numbers of buyers and sellers increase without limit,papers/AsymptoticShapleyValue.pdf,"Liggett, Thomas M., and Steven A. Lippman. ""Asymptotic Shapley Value."" Economic Theory, 2009.",Scholarly Works,
papers,11,"Theory, Strategy and Entrepreneurship",Richard P. Rumelt,2005,In: Handbook of entrepreneurship research: Interdisciplinary perspectives (,Uncertainty and entrepreneurial rent,papers/TheoryStrategy&Entrepreneurship.pdf,"Rumelt, Richard P. ""Theory, Strategy and Entrepreneurship."" In: Handbook of entrepreneurship research: Interdisciplinary perspectives (, 2005.",Scholarly Works,
papers,12,Inertia and Transformation,Richard P. Rumelt,1995,In: Resource-Based and Evolutionary Theories of the Firm,Inertia in larger organizations and transformational cures,papers/Inertia&Transformation1995.pdf,"Rumelt, Richard P. ""Inertia and Transformation."" In: Resource-Based and Evolutionary Theories of the Firm, 1995.",Scholarly Works,
papers,13,Understanding Corporate Coherence Theory and Evidence,David J. Teece & Richard P. Rumelt & Giovanni Dosi & Sidney Winter,1994,Journal of Economic Behavior and Organization,Empirical study of overall corporate coherence and diversity in firm coherence,papers/UnderstandingCorporateCoherence.pdf,"Teece, David J., and Richard P. Rumelt. ""Understanding Corporate Coherence Theory and Evidence."" Journal of Economic Behavior and Organization, 1994.",Scholarly Works,
papers,14,"Demand Uncertainty, Capital Specificity, and Industrial Evolution",Steven A. Lippman & Richard P. Rumelt,1992,Industrial and Corporate Change,Equilibrium when demand is uncertain and capital is industsry specific,papers/DmdUncCapSpecIndEvol_92.pdf,"Lippman, Steven A., and Richard P. Rumelt. ""Demand Uncertainty, Capital Specificity, and Industrial Evolution."" Industrial and Corporate Change, 1992.",Scholarly Works,
papers,15,"Incentives, Routines & Self-Command",Steven Postrel & Richard P. Rumelt,1992,Industrial and Corporate Change,Human impulsiveness and automatic thought as reasons for hierarchical organization,papers/IncentivesRoutines&SelfCommand1992.pdf,"Postrel, Steven, and Richard P. Rumelt. ""Incentives, Routines & Self-Command."" Industrial and Corporate Change, 1992.",Scholarly Works,
papers,16,Heterogeneity Under Competition,"Steven A. Lippman, Kevin F. McCardle",1991,Economic Inquiry,The static concept of efficiency may be grossly misleading,papers/HeteroUnderCompet_92.pdf,"McCardle, Steven A. Lippman, Kevin F. ""Heterogeneity Under Competition."" Economic Inquiry, 1991.",Scholarly Works,
papers,17,Software Piracy: An Analysis of Protection Strategies,Kathleen Reavis Conner & Richard P. Rumelt,1991,Management Science,Software piracy can actually help the maker by expanding the user base,papers/SoftwarePiracy_MS91.pdf,"Conner, Kathleen Reavis, and Richard P. Rumelt. ""Software Piracy: An Analysis of Protection Strategies."" Management Science, 1991.",Scholarly Works,
papers,18,Strategic Management and Economics,Richard P. Rumelt & Dan E. Schendel & David J. Teece,1991,In: Strategic Management & Economics,How strategic management has absobed economic concepts,papers/StrategicManagement&Economics.pdf,"Rumelt, Richard P., and Dan E. Schendel. ""Strategic Management and Economics."" In: Strategic Management & Economics, 1991.",Scholarly Works,
papers,19,Markets for Experience Goods with Performance Uncertainty,Julia Liebeskind & Richard P. Rumelt,1989,RAND Journal of Economics,"Given the existence of performance uncertainty, buyers receiving low-quality products do not know whether to blame their problems on malfeasance or on bad luck. This ambiguity can itself increase the seller's propensity to cheat.",papers/MarketsforExperienceGoodsWithPerfiormanceUncertainty_Rand89.pdf,"Liebeskind, Julia, and Richard P. Rumelt. ""Markets for Experience Goods with Performance Uncertainty."" RAND Journal of Economics, 1989.",Scholarly Works,
papers,20,Diversification and Profitability,Richard P. Rumelt,1982,Strategic Management Journal,Revisiting the diversification strategy and performance question,papers/Diversification&Profitability_SMJ82.pdf,"Rumelt, Richard P. ""Diversification and Profitability."" Strategic Management Journal, 1982.",Scholarly Works,
papers,21,Market Share and Profitability: Testing the Stochastic Hypothesis,Richard P. Rumelt & Robin C. Wensley,1981,Academy of Management Proceedings,Empirical results showing that market-share seems to have no intrinsic value,papers/ms_profit_stochastic_81.pdf,"Rumelt, Richard P., and Robin C. Wensley. ""Market Share and Profitability: Testing the Stochastic Hypothesis."" Academy of Management Proceedings, 1981.",Scholarly Works,
papers,22,Evaluation of Strategy: Theory and Models,Richard P. Rumelt,1978,In: Strategic Management: A New View of Business Policy and Planning,State of the art in evaluating business strategy in 1978,papers/Rumelt Strategy Evaluation Hofer & Schendel.pdf,"Rumelt, Richard P. ""Evaluation of Strategy: Theory and Models."" In: Strategic Management: A New View of Business Policy and Planning, 1978.",Scholarly Works,
smr,1,Introduction to the Special Issue Honoring Richard Rumelt: The Foundations for Understanding Fundamental Issues in Strategy,David Hoopes & Tammy L. Madsen & David J. Teece,2024,Strategic Management Review,The papers in this issue demonstrate how important Rumelt's work has been to the field's development,"RPR_Special_Issue/Hoopes, Madsen, Teece Intro to special issue-2022.pdf","Hoopes, David, and Tammy L. Madsen. ""Introduction to the Special Issue Honoring Richard Rumelt: The Foundations for Understanding Fundamental Issues in Strategy."" Strategic Management Review, 2024.",Strategic Management Review Special Issue Honoring Richard Rumelt,
smr,2,Strategy Dynamics and the Theory of the Firm: Homage to Richard Rumelt,David J. Teece,2024,Strategic Management Review,Richard Rumelt helped pioneer many key ideas in the field of strategic management,RPR_Special_Issue/homage to Richard Rumelt.pdf,"Teece, David J. ""Strategy Dynamics and the Theory of the Firm: Homage to Richard Rumelt."" Strategic Management Review, 2024.",Strategic Management Review Special Issue Honoring Richard Rumelt,
smr,3,A Dynamic Theory of the Strategic Firm,David Hoopes & Tammy L. Madsen & David J. Teece,2024,Strategic Management Review,"Rumelt's (1984) ""Towards a Strategic Theory of the Firm"" explains how variance in performance occurs and endures when decision-makers are boundedly rational and isolating mechanisms slow or prevent equilibration.",RPR_Special_Issue/A Dynamic Theory of the Strategic Firm.pdf,"Hoopes, David, and Tammy L. Madsen. ""A Dynamic Theory of the Strategic Firm."" Strategic Management Review, 2024.",Strategic Management Review Special Issue Honoring Richard Rumelt,
smr,4,Strategic Transformation and the Problem of Inertia,Constance E. Helfat,2024,Strategic Management Review,"For scholars wishing to better understand the impediments to strategic transformation, Rumelt's typology and discussion of the sources of inertia is a valuable resource",RPR_Special_Issue/Strategic Transformation and the Problem of Inertia.pdf,"Helfat, Constance E. ""Strategic Transformation and the Problem of Inertia."" Strategic Management Review, 2024.",Strategic Management Review Special Issue Honoring Richard Rumelt,
smr,5,"Issues Revisited from Rumelt's 1974 Strategy, Structure, and Economic Performance",Kathryn Rudie Harrigan,2024,Strategic Management Review,Results from Rumelt (1974) provided the jumping-off point for many types of studies about diversification as corporate strategy,RPR_Special_Issue/ISSUES REVISITED FROM RUMELTï¿½S SSEP.pdf,"Harrigan, Kathryn Rudie. ""Issues Revisited from Rumelt's 1974 Strategy, Structure, and Economic Performance."" Strategic Management Review, 2024.",Strategic Management Review Special Issue Honoring Richard Rumelt,
smr,6,On the Matter of How Much Industry Matters,"Hawfeng Wang, Russell Coff",2024,Strategic Management Review,"How scholars have built upon Rumelt (1991), summarizing it and classifying studies into distinct types of contributions",RPR_Special_Issue/On the Matter.pdf,"Coff, Hawfeng Wang, Russell. ""On the Matter of How Much Industry Matters."" Strategic Management Review, 2024.",Strategic Management Review Special Issue Honoring Richard Rumelt,
smr,7,Strategy as a Detour on the Way to Mars: A Biographical Interview with Richard Rumelt,Anne Marie Knott,2024,Strategic Management Review,2012 interview with Richard Rumelt on his career,Interviews/Strategy as a Detour on the Way to Mars.pdf,"Knott, Anne Marie. ""Strategy as a Detour on the Way to Mars: A Biographical Interview with Richard Rumelt."" Strategic Management Review, 2024.",Strategic Management Review Special Issue Honoring Richard Rumelt,
article,1,Build a Strategy that Addresses Your Gnarliest Challenges,Richard P. Rumelt,2022,Harvard Business Review,"Explains the concept of the ""crux"" in strategy - identifying the central challenge that must be overcome for progress to occur - and discusses how organizations can focus their efforts on resolving such constraints.",articles/HBR Gnarliest Challenges.pdf,"Rumelt, Richard P. ""Build a Strategy that Addresses Your Gnarliest Challenges."" Harvard Business Review, 2022.",Professional Articles,
article,2,Strategic Coherence for Tumultuous Times,Richard P. Rumelt,2022,PwC Global,"Examines how organizations can maintain strategic coherence in periods of economic and technological disruption by aligning policies, actions, and resources around a clear diagnosis of the situation.",articles/Strategic challenges & coherence for tumultuous times.pdf,"Rumelt, Richard P. ""Strategic Coherence for Tumultuous Times."" PwC Global, 2022.",Professional Articles,
article,3,Getting Strategy Wrong,Richard P. Rumelt,2022,McKinsey Quarterly,"Discusses common errors in strategy formulation, particularly the tendency to confuse goals, financial targets, and aspirations with strategy. The article emphasizes the role of diagnosis and focused action in addressing difficult challenges.",articles/getting-strategy-wrong-and-how-to-do-it-right-instead.pdf,"Rumelt, Richard P. ""Getting Strategy Wrong."" McKinsey Quarterly, 2022.",Professional Articles,
article,4,Why Bad Strategy Is a Social Contagion,Richard P. Rumelt,2022,McKinsey & Co.,"Examines how ineffective strategic thinking spreads through organizations and industries, and what leaders can do to resist its influence.",articles/why-bad-strategy-is-a-social-contagion_final.pdf,"Rumelt, Richard P. ""Why Bad Strategy Is a Social Contagion."" McKinsey & Co., 2022.",Professional Articles,
article,5,The Perils of Bad Strategy,Richard P. Rumelt,2011,McKinsey Quarterly,"Describes common patterns in ineffective strategy, including the substitution of slogans or ambitions for analysis and the avoidance of difficult choices about priorities and trade-offs.",articles/the perils of bad strategy.pdf,"Rumelt, Richard P. ""The Perils of Bad Strategy."" McKinsey Quarterly, 2011.",Professional Articles,
article,6,The U.S. Economy Needs to Break Its Stimulus Habit,Richard P. Rumelt,2011,Fortune,Opinion essay discussing macroeconomic policy and the long-term effects of repeated fiscal stimulus on economic growth and structural adjustment.,articles/Break the stimulus habit.pdf,"Rumelt, Richard P. ""The U.S. Economy Needs to Break Its Stimulus Habit."" Fortune, 2011.",Professional Articles,
article,7,Setting Strategy in the New Era,Richard P. Rumelt,2009,McKinsey Quarterly,"Discussion of strategic decision-making following the financial crisis, focusing on uncertainty, capital allocation, and changing competitive conditions. Conversation with Lowell Bryan and Allen P. Webb.",articles/setting strategy in the new era a conversation with lowell bryan and richard rumelt.pdf,"Rumelt, Richard P. ""Setting Strategy in the New Era."" McKinsey Quarterly, 2009.",Professional Articles,
article,8,Management Lessons from the Financial Crisis,Richard P. Rumelt,2009,McKinsey Quarterly,"Conversation examining management implications of the global financial crisis, including corporate governance, risk management, and the role of strategic leadership. With Lowell Bryan and Allen P. Webb.",articles/management lessons from the financial crisis a conversation with lowell bryan and richard rumelt.pdf,"Rumelt, Richard P. ""Management Lessons from the Financial Crisis."" McKinsey Quarterly, 2009.",Professional Articles,
article,9,Weighing the US Government's Response to the Crisis,Richard P. Rumelt,2009,McKinsey Quarterly,A dialogue examining the effectiveness and long-term implications of US government interventions during the financial crisis.,articles/weighing the us governments response to the crisis a dialogue.pdf,"Rumelt, Richard P. ""Weighing the US Government's Response to the Crisis."" McKinsey Quarterly, 2009.",Professional Articles,
article,10,Strategy in a Structural Break,Richard P. Rumelt,2008,McKinsey Quarterly,"Discusses how major shifts in economic or technological conditions (""structural breaks"") alter competitive landscapes and require organizations to reconsider existing strategies and assumptions.",articles/Strategy in a structural break.pdf,"Rumelt, Richard P. ""Strategy in a Structural Break."" McKinsey Quarterly, 2008.",Professional Articles,
article,11,Strategy's Strategist: An Interview with Richard Rumelt,Richard P. Rumelt,2007,McKinsey Quarterly,"An interview discussing Rumelt's views on the nature of strategy, including the importance of diagnosing the core problem and distinguishing strategy from planning or goal setting. With Dan P. Lovallo and Lenny T. Mendonca.",articles/strategys strategist an interview with richard rumelt.pdf,"Rumelt, Richard P. ""Strategy's Strategist: An Interview with Richard Rumelt."" McKinsey Quarterly, 2007.",Professional Articles,
article,12,The Honda Effect Revisited,Richard P. Rumelt,1996,California Management Review,"Revisits the debate about Honda's entry into the U.S. motorcycle market and the broader question of deliberate versus emergent strategy. With Henry Mintzberg, Richard Pascale, and Michael Goold.",articles/Honda-Effect.pdf,"Rumelt, Richard P., and Henry Mintzberg, Richard T. Pascale, Michael Goold. ""The Honda Effect Revisited."" California Management Review, 1996.",Professional Articles,
article,13,Understanding Business Model Reinvention,Richard P. Rumelt,2024,PwC Briefing Memo,Describes a means of organizing and presenting issues in business model reinvention,articles/Understanding Business Model Reinvention.pdf,"Rumelt, Richard P. ""Understanding Business Model Reinvention."" PwC Briefing Memo, 2024.",Professional Articles,
article,14,Your Business Model Reinvention Journey: Where to Begin,Richard P. Rumelt,2024,PwC Briefing Memo,Business model reinvention begins with an assessment of your current business model and those used by competitors as well as by your industry as a whole. ,articles/Your Business Model Reinvention Journey Where to Begin.pdf,"Rumelt, Richard P. ""Your Business Model Reinvention Journey: Where to Begin."" PwC Briefing Memo, 2024.",Professional Articles,
article,15,The Reinvention Journey: Finding Opportunities in the Storm,Richard P. Rumelt,2024,PwC Briefing Memo,"Today, each megatrend is both accelerating and changing in character. Together, they are colliding to create an era of turbulent change. This new era poses both great risks and significant opportunities.",articles/The Reinvention Journey-Finding Opportunity in The Storm.pdf,"Rumelt, Richard P. ""The Reinvention Journey: Finding Opportunities in the Storm."" PwC Briefing Memo, 2024.",Professional Articles,
article,16,Lessons From Past Technological Disruptions,Richard P. Rumelt,2024,PwC Briefing Memo,What lessons can we learn from past technological disruptions? This note examines seven technological disruptions occurring in the last thirty years. ,articles/Lessons From Past Technological Disruptions.pdf,"Rumelt, Richard P. ""Lessons From Past Technological Disruptions."" PwC Briefing Memo, 2024.",Professional Articles,
article,17,Your Business Model Reinvention Journey: Dealing with Inertia,Richard P. Rumelt,2024,PwC Briefing Memo,"What makes organizational change so difficult? In a word, organizations have inertia. ",articles/Your Business Model Reinvention Journey-Dealing with Inertia.pdf,"Rumelt, Richard P. ""Your Business Model Reinvention Journey: Dealing with Inertia."" PwC Briefing Memo, 2024.",Professional Articles,
article,18,A Bibliography on Business Model Reinvention,Richard P. Rumelt,2024,PwC Briefing Memo,Reference sources on business model reinventioin,articles/A Business Model Reinvention Bibliography.pdf,"Rumelt, Richard P. ""A Bibliography on Business Model Reinvention."" PwC Briefing Memo, 2024.",Professional Articles,
article,19,Management lessons from the financial crisis: A conversation with Lowell Bryan and Richard Rumelt,Richard P. Rumelt,2009,McKinsey Quarterly,The broad managerial implications of the financial crisis,articles/management lessons from the financial crisis a conversation with lowell bryan and richard rumelt.pdf,"Rumelt, Richard P. ""Management lessons from the financial crisis: A conversation with Lowell Bryan and Richard Rumelt."" McKinsey Quarterly, 2009.",Professional Articles,
article,20,Setting Strategy in the New Era a Conversation with Lowell bryan and Richard Rumelt.pdf,Richard P. Rumelt,2009,McKinsey Quarterly,Strategic opportunities emerging as  value shifts within and between economic sectors.,articles/setting strategy in the new era a conversation with lowell bryan and richard rumelt.pdf,"Rumelt, Richard P. ""Setting Strategy in the New Era a Conversation with Lowell bryan and Richard Rumelt.pdf."" McKinsey Quarterly, 2009.",Professional Articles,
article,21,Verizon strike: Can both sides win?,Richard P. Rumelt,2011,Fortune,"Verizon's management and the unions are responding to immediate issues and changes, but they are both acting myopically.",articles/Verizon Strike.pdf,"Rumelt, Richard P. ""Verizon strike: Can both sides win?."" Fortune, 2011.",Professional Articles,
article,22,WW2 Stimulus and the Postwar Boom,Richard P. Rumelt,2011,Wall Street Journal,"In WW2 the government did not increase personal consumption, it enforces thrift",articles/WW2 Stimulus.pdf,"Rumelt, Richard P. ""WW2 Stimulus and the Postwar Boom."" Wall Street Journal, 2011.",Professional Articles,
notes,1,Virtual Competition,Steven A. Lippman & Richard P. Rumelt,2003,Unpublished note,Poking fun at Neoclassical economists  great skills at virtual competition. These skills allowed profits to be driven to zero in every situation.,notes/virtual-competition.pdf,"Lippman, Steven A., and Richard P. Rumelt. ""Virtual Competition."" Unpublished note, 2003.",Unpublished Not es,
notes,2,What in the World is Competitive Advantage?,Richard P. Rumelt,2003,Unpublished note,"Questioning the concept of ""competitive advantage"" with a test for the reader",notes/what-is-competitive-advantage.pdf,"Rumelt, Richard P. ""What in the World is Competitive Advantage?."" Unpublished note, 2003.",Unpublished Not es,
notes,3,"An Essay on Cost, Rent, and Value",Richard P. Rumelt,2002,Unpublished note,Thinking about rent leading up to The Payments Perspective,notes/Essay_on_Cost_Rent_and_Value.pdf,"Rumelt, Richard P. ""An Essay on Cost, Rent, and Value."" Unpublished note, 2002.",Unpublished Not es,
notes,4,Thoughts on Corporate Strategy,Richard P. Rumelt,1998,Unpublished note,"Despite research and teaching and the best advice of the best consulting firms, large companies tend to seek size and diversity rather than innovation and value creation.",notes/thoughts-on-corporatestrategy.pdf,"Rumelt, Richard P. ""Thoughts on Corporate Strategy."" Unpublished note, 1998.",Unpublished Not es,
notes,5,The Analysis of Rents: An Approach to Strategy Work,Richard P. Rumelt,1983,Strategic Management Society Talk,Early thinking about economic rents based on the work with Shell International,notes/the-analysis-of-rents.pdf,"Rumelt, Richard P. ""The Analysis of Rents: An Approach to Strategy Work."" Strategic Management Society Talk, 1983.",Unpublished Not es,
interviews,x,Alison Jones: The Extraordinary Business Book Club,Alison Jones & Richard P. Rumelt,2022,Podcast Interview,On Richard Rumelt's writing and the books he admires,"Interviews\Interview_Transcript_Alison_Jones_Richard_Rumelt.pdf""","Jones, Alison. (2022). ""Episode 316“ The Crux with Richard Rumelt."" The Extraordinary Business Book Club.",Interviews & Podcasts,
interviews,x,Gary Hamel: Mastering the Art of Strategy,Gary Hamel & Richard P. Rumelt & Mlichele Zanini,2022,Podcast Interview,On the change from looking at strategy as a choice of market to challenges.,Interviews\Interview_Transcript_Gary_Hamel_Michele_Zanini_Richard_Rumelt.pdf,"Hamel, Gary, & Zanini, Michele. (2022). ""Mastering the Art of Strategy with Richard Rumelt."" The New Human Movement (Humanocracy).",Interviews & Podcasts,
interviews,5,"Dorie Clark: Better, a LinkedIn Series",Dorie Clark & Richard P. Rumelt,2022,Podcast Interview,Why is it so hard for many leaders to be strategic?,Interviews\Interview_Transcript_Dorie_Clark_Richard_Rumelt.pdf,"Clark, Dorie (2022). ""Interview with Richard Rumelt."" Better / Newsweek LinkedIn Live Series.",Interviews & Podcasts,
interviews,3,Lenny's Podcast,Lenny Rachitsky & Richard P. Rumelt,2024,Podcast Interview,Discussion of key strategy concepts in Richard Rumelt's works,Interviews\Interview_Transcript_Lenny_Rachitsky_Richard_Rumelt.pdf,"Rachitsky, Lenny. (2024). ""Good Strategy, Bad Strategy | Richard Rumelt."" Lenny's Podcast.",Interviews & Podcasts,
interviews,1,Rita McGrath Fireside Chat,Rita McGrath & Richard P. Rumelt,2023,Podcast Interview,Topics ranging from IO economics to national policy,Interviews\Interview_Transcript_Rita_McGrath_Richard_Rumelt.pdf,"McGrath, Rita (2023). ""Friday Fireside Chat - Rita McGrath & Richard Rumelt."" Friday Fireside Chat.",Interviews & Podcasts,
interviews,2,Outthinker's Podcast,Kaihan Krippendorff & Richard P. Rumelt,2023,Podcast Interview,Concept of the Crux; Elon Musk; Integration vs de-integration,Interviews\Interview_Transcript_Kaihan_Krippendorff_Richard_Rumelt.pdf,"Krippendorff, Kaihan (2023). ""#46”Richard Rumelt: Finding the Crux of Your Strategy."" Outthinker Podcast (Outthinker Networks).",Interviews & Podcasts,
cases,2,Note on 3D Graphics Technology,Richard P. Rumelt,2004,Unpublished teaching case,Development of 3D graphics tech through 2001,cases/Note on 3D Graphics Technology.pdf,"Rumelt, Richard P. ""Note on 3D Graphics Technology."" Unpublished teaching case, 2004.",Cases and Teaching Notes,
cases,3,The Last Mile 2002,Richard P. Rumelt,2004,Unpublished teaching case,The battle between DSL and cable in 2002,cases/The Last Mile_2002.pdf,"Rumelt, Richard P. ""The Last Mile 2002."" Unpublished teaching case, 2004.",Cases and Teaching Notes,
cases,4,The Integrated Circuit Industry in 2003,Richard P. Rumelt,2003,Unpublished teaching case,When will Moore's Law hit the wall? ,cases/The Integrated Circuit Industry in 2003.pdf,"Rumelt, Richard P. ""The Integrated Circuit Industry in 2003."" Unpublished teaching case, 2003.",Cases and Teaching Notes,
cases,5,Global Crossing (A),Richard P. Rumelt,2002,Unpublished teaching case,Buiolding the first private trans-Atlantic fiber optic cable,cases/GlobalCrossing_A.pdf,"Rumelt, Richard P. ""Global Crossing (A)."" Unpublished teaching case, 2002.",Cases and Teaching Notes,
cases,6,Global Crossing (B),Richard P. Rumelt,2002,Unpublished teaching case,Price competition arises in Internat traffic,cases/Global Crossing-B.pdf,"Rumelt, Richard P. ""Global Crossing (B)."" Unpublished teaching case, 2002.",Cases and Teaching Notes,
cases,1,NVIDIA Corporation in 2001,Richard P. Rumelt,2002,Unpublished teaching case,NVIDIA's strategy for 3D graphics dominance,cases/NVIDIA Corporation In 2001.pdf,"Rumelt, Richard P. ""NVIDIA Corporation in 2001."" Unpublished teaching case, 2002.",Cases and Teaching Notes,
cases,7,Visicorp 1978-1984,Richard P. Rumelt,1985,Unpublished teaching case,Visicorp and Software Arts tangle,cases/Visicorp 1978-1984.pdf,"Rumelt, Richard P. ""Visicorp 1978-1984."" Unpublished teaching case, 1985.",Cases and Teaching Notes,
cases,8,Semiconductor Technology and Moore's Law,Richard P. Rumelt,2002,Unpublished teaching case,Overview of semiconductor tech in 2002,cases/SemiConductorTechandMooresLaw.pdf,"Rumelt, Richard P. ""Semiconductor Technology and Moore's Law."" Unpublished teaching case, 2002.",Cases and Teaching Notes,
cases,9,MicroChipper,Richard P. Rumelt,2000,Unpublished teaching case,Semiconductor design issue for a chip company,cases/MicroChipper.pdf,"Rumelt, Richard P. ""MicroChipper."" Unpublished teaching case, 2000.",Cases and Teaching Notes,
cases,10,Starbucks 2000,David Kirsch & Richard P. Rumelt,2000,Unpublished teaching case,"Coffee quality vs the ""Starbucks Experience""",cases/Starbucks 2000.pdf,"Kirsch, David, and Richard P. Rumelt. ""Starbucks 2000."" Unpublished teaching case, 2000.",Cases and Teaching Notes,
cases,11,Teaching Note: Music Industry in the Digital Age,David Kirsch & Richard P. Rumelt,2000,Unpublished teaching case,,cases/Teaching Note for Music Industry in Digital Age.pdf,"Kirsch, David, and Richard P. Rumelt. ""Teaching Note: Music Industry in the Digital Age."" Unpublished teaching case, 2000.",Cases and Teaching Notes,
cases,12,The Music Industry in the Digital Age,David Kirsch & Richard P. Rumelt,2000,Unpublished teaching case,The mp3 Napster revolution,cases/The Music Industry in the Digital Age.pdf,"Kirsch, David, and Richard P. Rumelt. ""The Music Industry in the Digital Age."" Unpublished teaching case, 2000.",Cases and Teaching Notes,
cases,13,The Microsoftware Industry 1984,Richard P. Rumelt,1985,Unpublished teaching case,The early micomputer software industry,cases/TheMicrosoftwareIndustry1984.pdf,"Rumelt, Richard P. ""The Microsoftware Industry 1984."" Unpublished teaching case, 1985.",Cases and Teaching Notes,
cases,14,Baroumand Designs (A&B),Richard P. Rumelt,1974,Unpublished teaching case,Iran entrepreneur's leather design business,cases/Baroumand Designs (A&B).pdf,"Rumelt, Richard P. ""Baroumand Designs (A&B)."" Unpublished teaching case, 1974.",Cases and Teaching Notes,
cases,15,Eagle Flask Company,Richard P. Rumelt,1974,Unpublished teaching case,Iranian vacuum flask maker faces Chinese competition,cases/Eagle Flask Company.pdf,"Rumelt, Richard P. ""Eagle Flask Company."" Unpublished teaching case, 1974.",Cases and Teaching Notes,
cases,16,Rank Xerox Iran,Richard P. Rumelt,1974,Unpublished teaching case,Iranian branch of UK company,cases/Rank Xerox Iran.pdf,"Rumelt, Richard P. ""Rank Xerox Iran."" Unpublished teaching case, 1974.",Cases and Teaching Notes,
cases,17,The Industrial and Mining Development Bank of Iran (A),Richard P. Rumelt,1974,Unpublished teaching case,Iranian development bank strategy,cases/The Industrial and Mining Development Bank of Iran (A).pdf,"Rumelt, Richard P. ""The Industrial and Mining Development Bank of Iran (A)."" Unpublished teaching case, 1974.",Cases and Teaching Notes,
cases,18,Fansteel,Richard P. Rumelt,1967,Unpublished teaching case,Strategy of bundling 8 aerospace metal fabricators as a contractor hub,cases/Fansteel.pdf,"Rumelt, Richard P. ""Fansteel."" Unpublished teaching case, 1967.",Cases and Teaching Notes,
cases,19,Fansteel Teaching Notes,Richard P. Rumelt,1967,Unpublished teaching case,Casewriter notes on Fansteel,cases/Fansteel Teaching Notes.pdf,"Rumelt, Richard P. ""Fansteel Teaching Notes."" Unpublished teaching case, 1967.",Cases and Teaching Notes,
panel_of_experts,1,Abraham Lincoln,Richard P. Rumelt,2026,Unpublished teaching case,,Panel_of_Experts/Abraham Lincoln.pdf,"Rumelt, Richard P. ""Abraham Lincoln."" Unpublished teaching case, 2026.",Panel of Experts,
panel_of_experts,2,Alfred Sloan,Richard P. Rumelt,2026,Unpublished teaching case,,Panel_of_Experts/Alfred Sloan.pdf,"Rumelt, Richard P. ""Alfred Sloan."" Unpublished teaching case, 2026.",Panel of Experts,
panel_of_experts,3,Ken Iverson,Richard P. Rumelt,2026,Unpublished teaching case,,Panel_of_Experts/Ken Iverson.pdf,"Rumelt, Richard P. ""Ken Iverson."" Unpublished teaching case, 2026.",Panel of Experts,
panel_of_experts,4,Michael Eisner,Richard P. Rumelt,2026,Unpublished teaching case,,Panel_of_Experts/Michael Eisner.pdf,"Rumelt, Richard P. ""Michael Eisner."" Unpublished teaching case, 2026.",Panel of Experts,
panel_of_experts,5,Taiichi Ohno,Richard P. Rumelt,2026,Unpublished teaching case,,Panel_of_Experts/Taiichi Ohno.pdf,"Rumelt, Richard P. ""Taiichi Ohno."" Unpublished teaching case, 2026.",Panel of Experts,
tech_notes,1,Margins Markups & Breakevens,Richard P. Rumelt,2010,Unpublished technical note,Introduction to profitability analysis,Technical_Notes/Margins Markups & Breakevens.pdf,"Rumelt, Richard P. ""Margins Markups & Breakevens."" Unpublished technical note, 2010.",Technical Analysis Notes,
tech_notes,2,Restructuring Financial Statements,Richard P. Rumelt,2010,Unpublished technical note,"Creating internally consistent definitions of invested capital, free cash flow, and the cost of capital.",Technical_Notes/Restructuring Financial Statements.pdf,"Rumelt, Richard P. ""Restructuring Financial Statements."" Unpublished technical note, 2010.",Technical Analysis Notes,
tech_notes,3,Depreciation & Taxes,Richard P. Rumelt,2010,Unpublished technical note,"Corporate taxes are levied on ""income,"" not cash flow, and the definition of ""income"" is subject to a great many rules.",Technical_Notes/Depreciation&Taxes.pdf,"Rumelt, Richard P. ""Depreciation & Taxes."" Unpublished technical note, 2010.",Technical Analysis Notes,
tech_notes,4,Strategic Cost Considerations,Richard P. Rumelt,2010,Unpublished technical note,"Reviews the concepts of economies of scale, economies of scope, and learning-by-doing.",Technical_Notes/Strategic Cost Considerations.pdf,"Rumelt, Richard P. ""Strategic Cost Considerations."" Unpublished technical note, 2010.",Technical Analysis Notes,
tech_notes,5,Cost Value and Time,Richard P. Rumelt,2010,Unpublished technical note,Every MBA is expected to be skilled at basic machinery of discounting and present values,Technical_Notes/Cost Value and Time.pdf,"Rumelt, Richard P. ""Cost Value and Time."" Unpublished technical note, 2010.",Technical Analysis Notes,
tech_notes,6,Bargaining & Splits,Richard P. Rumelt,2010,Unpublished technical note,BATNA and Shapley Values in bargaining analysis,Technical_Notes/Bargaining & Splits.pdf,"Rumelt, Richard P. ""Bargaining & Splits."" Unpublished technical note, 2010.",Technical Analysis Notes,
tech_notes,7,Valuation Models,Richard P. Rumelt,2010,Unpublished technical note,Models of patterns of future cash flows,Technical_Notes/Valuation Models.pdf,"Rumelt, Richard P. ""Valuation Models."" Unpublished technical note, 2010.",Technical Analysis Notes,
tech_notes,8,Value and Debt,Richard P. Rumelt,2010,Unpublished technical note,Accounting for debt with an adjusted present value model,Technical_Notes/Value and Debt.pdf,"Rumelt, Richard P. ""Value and Debt."" Unpublished technical note, 2010.",Technical Analysis Notes,
tech_notes,9,The Diffusion of Innovations,Richard P. Rumelt,2010,Unpublished technical note,Sigmoid growth models,Technical_Notes/The Diffusion of Innovations.pdf,"Rumelt, Richard P. ""The Diffusion of Innovations."" Unpublished technical note, 2010.",Technical Analysis Notes,
tech_notes,10,MNL Market Share Models,Richard P. Rumelt,2010,Unpublished technical note,Multinomial-logit models of market shares,Technical_Notes/MNL MarketShareModels.pdf,"Rumelt, Richard P. ""MNL Market Share Models."" Unpublished technical note, 2010.",Technical Analysis Notes,
tech_notes,11,MNL Nash Competition,Richard P. Rumelt,2010,Unpublished technical note,Nash equilibrium for MNL Competitors,Technical_Notes/MNL Nash Competition.pdf,"Rumelt, Richard P. ""MNL Nash Competition."" Unpublished technical note, 2010.",Technical Analysis Notes,
tech_notes,12,Diffusion & Sigmoid Growth,Richard P. Rumelt,2010,Unpublished technical note,Modeling  how innovation diffuses through a population,Technical_Notes/Diffusion&SigmoidGrowth.pdf,"Rumelt, Richard P. ""Diffusion & Sigmoid Growth."" Unpublished technical note, 2010.",Technical Analysis Notes,
tech_notes,13,Units & Units Conversion,Richard P. Rumelt,2010,Unpublished technical note,Working accurately with numbers often involves paying careful attention to the units of measurement,Technical_Notes/Units & Units Conversion.pdf,"Rumelt, Richard P. ""Units & Units Conversion."" Unpublished technical note, 2010.",Technical Analysis Notes,
tech_notes,14,Growth Rates,Richard P. Rumelt,2010,Unpublished technical note,Estimating rates of growth from data,Technical_Notes/GrowthRates.pdf,"Rumelt, Richard P. ""Growth Rates."" Unpublished technical note, 2010.",Technical Analysis Notes,
tech_notes,15,PV Formulae,Richard P. Rumelt,2010,Unpublished technical note,Formulae for annuity and growing payment streams,Technical_Notes/PVFormulae.pdf,"Rumelt, Richard P. ""PV Formulae."" Unpublished technical note, 2010.",Technical Analysis Notes,
tech_notes,16,Valuing & Comparing Patterns of Payments,Richard P. Rumelt,2010,Unpublished technical note,"Dealing with financing expenses, capital investment, taxes, depreciation, and terminal values",Technical_Notes/Valuing & Comparing Patterns of Payments.pdf,"Rumelt, Richard P. ""Valuing & Comparing Patterns of Payments."" Unpublished technical note, 2010.",Technical Analysis Notes,
substack,,Stolen Credibility,Richard P. Rumelt,24-Feb-26,The Rumelt Perspectives,"A strategic look at AI-generated financial commentary and deepfake authority. As the cost of producing convincing expert content collapses, the credibility of institutions and public figures becomes easier to exploit.",blogs/Substack/Stolen Credibility - by Richard Rumelt.pdf,"Rumelt, Richard P. ""Stolen Credibility."" The Rumelt Perspectives (blog), February 24, 2026. https://rumelt.substack.com/p/stolen-credibility",Substack Blog Posts,https://rumelt.substack.com/p/stolen-credibility
substack,,The Amelia Paradox,Richard P. Rumelt,17-Feb-26,The Rumelt Perspectives,"An examination of how digital audiences can repurpose institutional narratives. A character designed to discourage extremist views is captured by online communities and turned into a viral meme, illustrating how control of meaning is lost in networked media.",blogs/Substack/The Amelia Paradox - by Richard Rumelt.pdf,"Rumelt, Richard P. ""The Amelia Paradox."" The Rumelt Perspectives (blog), February 17, 2026. https://rumelt.substack.com/p/the-amelia-paradox",Substack Blog Posts,https://rumelt.substack.com/p/the-amelia-paradox
substack,,Tesla's Honorable Discharge,Richard P. Rumelt,31-Jan-26,The Rumelt Perspectives,"A strategic interpretation of Tesla's quiet retreat from the Model S and Model X. The essay explores how companies sometimes ""honorably discharge"" legacy products that no longer fit the economic logic of the firm.",blogs/Substack/Tesla's Honorable Discharge - by Richard Rumelt.pdf,"Rumelt, Richard P. ""Tesla's Honorable Discharge."" The Rumelt Perspectives (blog), January 31, 2026. https://rumelt.substack.com/p/teslas-honorable-discharge",Substack Blog Posts,https://rumelt.substack.com/p/teslas-honorable-discharge
substack,,The Shade of Strategy,Richard P. Rumelt,29-Jan-26,The Rumelt Perspectives,"A reflection on Bruce Henderson's early essays and the origins of modern strategy thinking. Introduces the idea of short analytical ""perspectives"" as a way to clarify problems rather than produce plans.",blogs/Substack/The Shade of Strategy - by Richard Rumelt.pdf,"Rumelt, Richard P. ""The Shade of Strategy."" The Rumelt Perspectives (blog), January 29, 2026. https://rumelt.substack.com/p/the-shade-of-strategy",Substack Blog Posts,https://rumelt.substack.com/p/the-shade-of-strategy
substack,,The New Name: Rumelt Perspectives,Richard P. Rumelt,29-Jan-26,The Rumelt Perspectives,An introduction to the publication's new title and its focus on strategy as diagnosis and problem solving rather than aspiration and planning.,blogs/Substack/The New Name_ Rumelt Perspectives - by Richard Rumelt.pdf,"Rumelt, Richard P. ""The New Name: Rumelt Perspectives."" The Rumelt Perspectives (blog), January 29, 2026. https://rumelt.substack.com/p/the-rumelt-perspectives",Substack Blog Posts,https://rumelt.substack.com/p/the-rumelt-perspectives
substack,,Can California Build High-Speed Rail?,Richard P. Rumelt,9-Sep-25,The Rumelt Perspectives,A diagnosis of California's troubled high-speed rail project. The essay highlights the institutional and organizational barriers that often derail large infrastructure initiatives.,blogs/Substack/Can California Build High-Speed Rail_ - by Richard Rumelt.pdf,"Rumelt, Richard P. ""Can California Build High-Speed Rail?."" The Rumelt Perspectives (blog), September 9, 2025. https://rumelt.substack.com/p/can-california-build-high-speed-rail",Substack Blog Posts,https://rumelt.substack.com/p/can-california-build-high-speed-rail
substack,,Becoming a Strategist (Part 3),Richard P. Rumelt,26-Jul-25,The Rumelt Perspectives,The final essay in a three-part series on learning the craft of strategy. Focuses on identifying the crux of a problem and applying concentrated force at that point.,blogs/Substack/Becoming a Strategist (Part 3) - by Richard Rumelt.pdf,"Rumelt, Richard P. ""Becoming a Strategist (Part 3)."" The Rumelt Perspectives (blog), July 26, 2025. https://rumelt.substack.com/p/becoming-a-strategist-part-3",Substack Blog Posts,https://rumelt.substack.com/p/becoming-a-strategist-part-3
substack,,Becoming a Strategist (Part 2),Richard P. Rumelt,24-May-25,The Rumelt Perspectives,Examines the development of strategic judgment and the role of disciplined thinking and feedback in improving strategic capability.,blogs/Substack/Becoming a Strategist (Part 2 corrected).pdf,"Rumelt, Richard P. ""Becoming a Strategist (Part 2)."" The Rumelt Perspectives (blog), May 24, 2025. https://rumelt.substack.com/p/becoming-a-strategist-part-2-corrected",Substack Blog Posts,https://rumelt.substack.com/p/becoming-a-strategist-part-2-corrected
substack,,Becoming a Strategist (Part 1),Richard P. Rumelt,14-May-25,The Rumelt Perspectives,"Introduces the strategist's mindset: focusing on problems, recognizing constraints, and avoiding the trap of mistaking goals for strategy.",blogs/Substack/Becoming a Strategist (Part 1) - by Richard Rumelt.pdf,"Rumelt, Richard P. ""Becoming a Strategist (Part 1)."" The Rumelt Perspectives (blog), May 14, 2025. https://rumelt.substack.com/p/becoming-a-strategist-part-1",Substack Blog Posts,https://rumelt.substack.com/p/becoming-a-strategist-part-1
substack,,A Strategist's Basic Bookshelf,Richard P. Rumelt,5-May-25,The Rumelt Perspectives,"A curated reading list of books that illuminate the practice of strategy across business, history, and leadership.",blogs/Substack/A Strategist's Basic Bookshelf - by Richard Rumelt.pdf,"Rumelt, Richard P. ""A Strategist's Basic Bookshelf."" The Rumelt Perspectives (blog), May 5, 2025. https://rumelt.substack.com/p/a-strategists-basic-bookshelf",Substack Blog Posts,https://rumelt.substack.com/p/a-strategists-basic-bookshelf
substack,,The U.S. Needs an Office of Competitive Assessment,Richard P. Rumelt,22-Apr-25,The Rumelt Perspectives,A proposal for a national institution dedicated to diagnosing strategic competition and long-term geopolitical challenges.,blogs/Substack/The U.S. Needs an Office of Competitive Assessment.pdf,"Rumelt, Richard P. ""The U.S. Needs an Office of Competitive Assessment."" The Rumelt Perspectives (blog), April 22, 2025. https://rumelt.substack.com/p/the-us-needs-an-office-of-competitive",Substack Blog Posts,https://rumelt.substack.com/p/the-us-needs-an-office-of-competitive
substack,,Intel's Fall From Grace,Richard P. Rumelt,16-Apr-25,The Rumelt Perspectives,An analysis of Intel's strategic decline and the organizational commitments that limited its ability to adapt to technological change.,blogs/Substack/Intel's Fall From Grace - by Richard Rumelt.pdf,"Rumelt, Richard P. ""Intel's Fall From Grace."" The Rumelt Perspectives (blog), April 16, 2025. https://rumelt.substack.com/p/intels-fall-from-grace",Substack Blog Posts,https://rumelt.substack.com/p/intels-fall-from-grace
substack,,The Standard Narrative,Richard P. Rumelt,10-Apr-25,The Rumelt Perspectives,"A critique of the typical corporate strategy document, which often substitutes aspirations and narratives for real strategic choices.",blogs/Substack/The Standard Narrative - by Richard Rumelt.pdf,"Rumelt, Richard P. ""The Standard Narrative."" The Rumelt Perspectives (blog), April 10, 2025. https://rumelt.substack.com/p/the-standard-narrative",Substack Blog Posts,https://rumelt.substack.com/p/the-standard-narrative
substack,,The Problem of Development,Richard P. Rumelt,26-Apr-25,The Rumelt Perspectives,"An exploration of why many developing economies fail to generate sustained growth, focusing on institutional incentives and misallocation of talent.",blogs/Substack/The Problem of Development - by Richard Rumelt.pdf,"Rumelt, Richard P. ""The Problem of Development."" The Rumelt Perspectives (blog), April 26, 2025. https://rumelt.substack.com/p/the-problem-of-development",Substack Blog Posts,https://rumelt.substack.com/p/the-problem-of-development
substack,,The Logic of the Chain,Richard P. Rumelt,25-Mar,The Rumelt Perspectives,"Explores chain-link systems where performance is limited by the weakest element, and why incremental improvements can sometimes reduce overall effectiveness.",blogs/Substack/The Logic of The Chain - by Richard Rumelt.pdf,"Rumelt, Richard P. ""The Logic of the Chain."" The Rumelt Perspectives (blog), March 2025. https://rumelt.substack.com/p/the-logic-of-the-chain",Substack Blog Posts,https://rumelt.substack.com/p/the-logic-of-the-chain
substack,,The Dark Side of Business,Richard P. Rumelt,25-Mar,The Rumelt Perspectives,"Examines strategies that extract value rather than create it, and the broader social costs of competitive behavior that exploits rather than serves customers.",blogs/Substack/The Dark Side of Business - by Richard Rumelt.pdf,"Rumelt, Richard P. ""The Dark Side of Business."" The Rumelt Perspectives (blog), March 2025. https://rumelt.substack.com/p/the-dark-side-of-business",Substack Blog Posts,https://rumelt.substack.com/p/the-dark-side-of-business
substack,,The Sound of a Domino Falling,Richard P. Rumelt,25-Mar,The Rumelt Perspectives,On strategic inflection points and how to recognize when a competitive position is beginning to unravel.,blogs/Substack/The Sound of a Domino Falling - by Richard Rumelt.pdf,"Rumelt, Richard P. ""The Sound of a Domino Falling."" The Rumelt Perspectives (blog), March 2025. https://rumelt.substack.com/p/the-sound-of-a-domino-falling",Substack Blog Posts,https://rumelt.substack.com/p/the-sound-of-a-domino-falling
substack,,Strategy at an Inflection Point,Richard P. Rumelt,25-Mar,The Rumelt Perspectives,"How major shifts in technology, markets, or regulation create both threats and opportunities for strategic repositioning.",blogs/Substack/Strategy at an Inflection Point - by Richard Rumelt.pdf,"Rumelt, Richard P. ""Strategy at an Inflection Point."" The Rumelt Perspectives (blog), March 2025. https://rumelt.substack.com/p/strategy-at-an-inflection-point",Substack Blog Posts,https://rumelt.substack.com/p/strategy-at-an-inflection-point
substack,,Richard Helms Explains Skimming,Richard P. Rumelt,25-Mar,The Rumelt Perspectives,A case study in how intelligence organizations and other institutions can be captured by internal interests that prioritize self-preservation over mission.,blogs/Substack/Richard Helms Explains Skimming - by Richard Rumelt.pdf,"Rumelt, Richard P. ""Richard Helms Explains Skimming."" The Rumelt Perspectives (blog), March 2025. https://rumelt.substack.com/p/richard-helms-explains-skimming",Substack Blog Posts,https://rumelt.substack.com/p/richard-helms-explains-skimming
substack,,Is Management About People?,Richard P. Rumelt,25-Mar,The Rumelt Perspectives,"Questions the popular view that management is primarily about motivating and developing people, arguing that strategic clarity about the work itself is the more fundamental challenge.",blogs/Substack/Is Management About People_ - by Richard Rumelt.pdf,"Rumelt, Richard P. ""Is Management About People?."" The Rumelt Perspectives (blog), March 2025. https://rumelt.substack.com/p/is-management-about-people",Substack Blog Posts,https://rumelt.substack.com/p/is-management-about-people
substack,,Distributed Knowledge,Richard P. Rumelt,25-Mar,The Rumelt Perspectives,"On the competitive advantage that comes from knowledge that is embedded in organizational routines and relationships, and therefore difficult to imitate.",blogs/Substack/Distributed Knowledge - by Richard Rumelt.pdf,"Rumelt, Richard P. ""Distributed Knowledge."" The Rumelt Perspectives (blog), March 2025. https://rumelt.substack.com/p/distributed-knowledge",Substack Blog Posts,https://rumelt.substack.com/p/distributed-knowledge
substack,,Blockbuster,Richard P. Rumelt,25-Mar,The Rumelt Perspectives,"A strategic post-mortem on Blockbuster's failure to adapt to digital distribution, examining the internal logic that made change so difficult.",blogs/Substack/Blockbuster - by Richard Rumelt - The Rumelt Perspectives.pdf,"Rumelt, Richard P. ""Blockbuster."" The Rumelt Perspectives (blog), March 2025. https://rumelt.substack.com/p/blockbuster",Substack Blog Posts,https://rumelt.substack.com/p/blockbuster
blogs,,Arbitrary Goals Don't Help Generate Good Strategies,Richard P. Rumelt,2011,StrategyLand Blog,,blogs/Strategy_Land/Aribitrary goals don't help generate good strategies.pdf,"Rumelt, Richard P. ""Arbitrary Goals Don't Help Generate Good Strategies."" StrategyLand Blog, 2011.",StrategyLand Blog Posts,
blogs,x,Boulder Climbers Trigger an Insight About the Gains to Focus,Richard P. Rumelt,2011,StrategyLand Blog,,blogs/Strategy_Land/Boulder climbers trigger an insight about the gains to focus.pdf,"Rumelt, Richard P. ""Boulder Climbers Trigger an Insight About the Gains to Focus."" StrategyLand Blog, 2011.",StrategyLand Blog Posts,
blogs,,Do's and Don'ts on Being Steve Jobs,Richard P. Rumelt,2011,StrategyLand Blog,,blogs/Strategy_Land/Do's and Don'ts on being Steve Jobs.pdf,"Rumelt, Richard P. ""Do's and Don'ts on Being Steve Jobs."" StrategyLand Blog, 2011.",StrategyLand Blog Posts,
blogs,,Egypt's Uprising is Triggered by Huge Cadre of Unemployed Urban Youth,Richard P. Rumelt,2011,StrategyLand Blog,,blogs/Strategy_Land/Egypt's uprising is triggered by huge cadre of unemployed urban youth.pdf,"Rumelt, Richard P. ""Egypt's Uprising is Triggered by Huge Cadre of Unemployed Urban Youth."" StrategyLand Blog, 2011.",StrategyLand Blog Posts,
blogs,,Good Management is More Than Motivation,Richard P. Rumelt,2011,StrategyLand Blog,,blogs/Strategy_Land/Good management is more than motivation.pdf,"Rumelt, Richard P. ""Good Management is More Than Motivation."" StrategyLand Blog, 2011.",StrategyLand Blog Posts,
blogs,x,Incremental Improvements in a Chain-Linked System Reduces Overall Performance,Richard P. Rumelt,2011,StrategyLand Blog,,blogs/Strategy_Land/Incremental improvements in a chain-linked system reduces overall performance.pdf,"Rumelt, Richard P. ""Incremental Improvements in a Chain-Linked System Reduces Overall Performance."" StrategyLand Blog, 2011.",StrategyLand Blog Posts,
blogs,x,Iranian Students Could Not Understand the US Loss in Vietnam,Richard P. Rumelt,2011,StrategyLand Blog,,blogs/Strategy_Land/Iranian students could not understand the US loss in Vietnam.pdf,"Rumelt, Richard P. ""Iranian Students Could Not Understand the US Loss in Vietnam."" StrategyLand Blog, 2011.",StrategyLand Blog Posts,
blogs,,Learning the Right Lessons from the WWII Economy,Richard P. Rumelt,2011,StrategyLand Blog,,blogs/Strategy_Land/Learning the right lessons from the WWII economy.pdf,"Rumelt, Richard P. ""Learning the Right Lessons from the WWII Economy."" StrategyLand Blog, 2011.",StrategyLand Blog Posts,
blogs,,Public Employee Pension Funds Take Too Much Risk,Richard P. Rumelt,2011,StrategyLand Blog,,blogs/Strategy_Land/Public employee pension funds take too much risk.pdf,"Rumelt, Richard P. ""Public Employee Pension Funds Take Too Much Risk."" StrategyLand Blog, 2011.",StrategyLand Blog Posts,
blogs,,"The Big Risk in Capital Budgeting is Lying, Not Uncertain Cash Flows",Richard P. Rumelt,2011,StrategyLand Blog,,"blogs/Strategy_Land/The big risk in capital budgeting is lying, not uncertain cash flows.pdf","Rumelt, Richard P. ""The Big Risk in Capital Budgeting is Lying, Not Uncertain Cash Flows."" StrategyLand Blog, 2011.",StrategyLand Blog Posts,
blogs,,The Forces at Work Deconstructing Physical Book Retailing,Richard P. Rumelt,2011,StrategyLand Blog,,blogs/Strategy_Land/The forces at work deconstructing physical book retailing.pdf,"Rumelt, Richard P. ""The Forces at Work Deconstructing Physical Book Retailing."" StrategyLand Blog, 2011.",StrategyLand Blog Posts,
blogs,,The U.S. Economy Needs to Break Its Stimulus Habit,Richard P. Rumelt,2011,StrategyLand Blog,,blogs/Strategy_Land/The U.S. economy needs to break its stimulus habit.pdf,"Rumelt, Richard P. ""The U.S. Economy Needs to Break Its Stimulus Habit."" StrategyLand Blog, 2011.",StrategyLand Blog Posts,
blogs,x,"To See the World Anew, an Older Way of Seeing Must Be Cast Aside",Richard P. Rumelt,2011,StrategyLand Blog,,"blogs/Strategy_Land/To see the world anew, an older way of seeing must be cast aside_.pdf","Rumelt, Richard P. ""To See the World Anew, an Older Way of Seeing Must Be Cast Aside."" StrategyLand Blog, 2011.",StrategyLand Blog Posts,
blogs,,Verizon Should Separate Out Its Wireline Business,Richard P. Rumelt,2011,StrategyLand Blog,,blogs/Strategy_Land/Verizon should separate out its wireline business.pdf,"Rumelt, Richard P. ""Verizon Should Separate Out Its Wireline Business."" StrategyLand Blog, 2011.",StrategyLand Blog Posts,
blogs,x,Coercion in the USSR and in the US Legal System,Richard P. Rumelt,2010,StrategyLand Blog,,blogs/Strategy_Land/Coercion in the USSR and in the US legal system.pdf,"Rumelt, Richard P. ""Coercion in the USSR and in the US Legal System."" StrategyLand Blog, 2010.",StrategyLand Blog Posts,
blogs,x,Competitors Who Exploit Human Frailties Do Not Contribute to Society,Richard P. Rumelt,2010,StrategyLand Blog,,blogs/Strategy_Land/Competitors who exploit human frailties do not contribute to society.pdf,"Rumelt, Richard P. ""Competitors Who Exploit Human Frailties Do Not Contribute to Society."" StrategyLand Blog, 2010.",StrategyLand Blog Posts,
blogs,x,Distributed Knowledge Resists Imitation,Richard P. Rumelt,2010,StrategyLand Blog,,blogs/Strategy_Land/Distributed knowledge resists imitation.pdf,"Rumelt, Richard P. ""Distributed Knowledge Resists Imitation."" StrategyLand Blog, 2010.",StrategyLand Blog Posts,
blogs,,Industry Matters but Strategy Matters More,Richard P. Rumelt,2010,StrategyLand Blog,,blogs/Strategy_Land/Industry matters but strategy matters more.pdf,"Rumelt, Richard P. ""Industry Matters but Strategy Matters More."" StrategyLand Blog, 2010.",StrategyLand Blog Posts,
blogs,,The Spurious Relationship Between Market Share and Profitability,Richard P. Rumelt,2010,StrategyLand Blog,,blogs/Strategy_Land/The spurious relationship between market share and profitability.pdf,"Rumelt, Richard P. ""The Spurious Relationship Between Market Share and Profitability."" StrategyLand Blog, 2010.",StrategyLand Blog Posts,
blogs,,Uncertain Imitability Explains Most Stylized Facts About Industry,Richard P. Rumelt,2010,StrategyLand Blog,,blogs/Strategy_Land/Uncertain imitability explains most stylized facts about industry.pdf,"Rumelt, Richard P. ""Uncertain Imitability Explains Most Stylized Facts About Industry."" StrategyLand Blog, 2010.",StrategyLand Blog Posts,
blogs,x,"Head I Win, Tails You Lose: Compensation Boosts Risk-Taking",Richard P. Rumelt,2009,StrategyLand Blog,,blogs/Strategy_Land/Head I win tails you lose compensation boosts risk-taking.pdf,"Rumelt, Richard P. ""Head I Win, Tails You Lose: Compensation Boosts Risk-Taking."" StrategyLand Blog, 2009.",StrategyLand Blog Posts,
blogs,,Model-Risk Estimates Embody a False Belief That Models Can Map Reality,Richard P. Rumelt,2009,StrategyLand Blog,,blogs/Strategy_Land/Model-risk estimates embody a false belief that models can map reality.pdf,"Rumelt, Richard P. ""Model-Risk Estimates Embody a False Belief That Models Can Map Reality."" StrategyLand Blog, 2009.",StrategyLand Blog Posts,
blogs,,Risk is Not Always Evident in Bumps and Fluctuations,Richard P. Rumelt,2009,StrategyLand Blog,,blogs/Strategy_Land/Risk is not always evident in bumps and fluctuations.pdf,"Rumelt, Richard P. ""Risk is Not Always Evident in Bumps and Fluctuations."" StrategyLand Blog, 2009.",StrategyLand Blog Posts,
blogs,,What Were They Thinking? Hindenburg,Richard P. Rumelt,2009,StrategyLand Blog,,blogs/Strategy_Land/What were they thinking Hindenberg.pdf,"Rumelt, Richard P. ""What Were They Thinking? Hindenburg."" StrategyLand Blog, 2009.",StrategyLand Blog Posts,
data,,Rumelt Strategy-Structure Database (PDF),Richard P. Rumelt,1982,Unpublished data base,"Database from Strategy, Structure & Economic Performance",Data/Rumelt_Strategy_Structure database.pdf,"Rumelt, Richard P. ""Rumelt Strategy-Structure Database (PDF)."" Unpublished data base, 1982.",Data Bases,
data,,Rumelt Strategy-Structure Database (CSV),Richard P. Rumelt,1982,Unpublished data base,"Database from Strategy, Structure & Economic Performance",Data/Rumelt_Strategy_Structure database.csv,"Rumelt, Richard P. ""Rumelt Strategy-Structure Database (CSV)."" Unpublished data base, 1982.",Data Bases,
